location,iso_code,date,people_fully_vaccinated
World,OWID_WRL,2020/12/2,0
World,OWID_WRL,2020/12/3,0
World,OWID_WRL,2020/12/4,0
World,OWID_WRL,2020/12/5,0
World,OWID_WRL,2020/12/6,0
World,OWID_WRL,2020/12/7,0
World,OWID_WRL,2020/12/8,0
World,OWID_WRL,2020/12/9,0
World,OWID_WRL,2020/12/10,0
World,OWID_WRL,2020/12/11,0
World,OWID_WRL,2020/12/12,0
World,OWID_WRL,2020/12/13,9669
World,OWID_WRL,2020/12/14,9833
World,OWID_WRL,2020/12/15,10161
World,OWID_WRL,2020/12/16,10679
World,OWID_WRL,2020/12/17,11505
World,OWID_WRL,2020/12/18,12831
World,OWID_WRL,2020/12/19,13994
World,OWID_WRL,2020/12/20,14817
World,OWID_WRL,2020/12/21,16491
World,OWID_WRL,2020/12/22,19508
World,OWID_WRL,2020/12/23,22774
World,OWID_WRL,2020/12/24,24022
World,OWID_WRL,2020/12/25,24160
World,OWID_WRL,2020/12/26,25230
World,OWID_WRL,2020/12/27,26045
World,OWID_WRL,2020/12/28,30543
World,OWID_WRL,2020/12/29,36076
World,OWID_WRL,2020/12/30,43813
World,OWID_WRL,2020/12/31,47384
World,OWID_WRL,2021/1/1,56752
World,OWID_WRL,2021/1/2,59874
World,OWID_WRL,2021/1/3,62473
World,OWID_WRL,2021/1/4,108225
World,OWID_WRL,2021/1/5,196872
World,OWID_WRL,2021/1/6,372368
World,OWID_WRL,2021/1/7,657591
World,OWID_WRL,2021/1/8,1027223
World,OWID_WRL,2021/1/9,1158568
World,OWID_WRL,2021/1/10,1875911
World,OWID_WRL,2021/1/11,2243133
World,OWID_WRL,2021/1/12,2614054
World,OWID_WRL,2021/1/13,2963037
World,OWID_WRL,2021/1/14,3183134
World,OWID_WRL,2021/1/15,3356989
World,OWID_WRL,2021/1/16,3461696
World,OWID_WRL,2021/1/17,3620392
World,OWID_WRL,2021/1/18,4016112
World,OWID_WRL,2021/1/19,4599087
World,OWID_WRL,2021/1/20,5297991
World,OWID_WRL,2021/1/21,5888757
World,OWID_WRL,2021/1/22,6324009
World,OWID_WRL,2021/1/23,6630719
World,OWID_WRL,2021/1/24,6966580
World,OWID_WRL,2021/1/25,7835812
World,OWID_WRL,2021/1/26,8835291
World,OWID_WRL,2021/1/27,9866702
World,OWID_WRL,2021/1/28,10903396
World,OWID_WRL,2021/1/29,11899034
World,OWID_WRL,2021/1/30,12412778
World,OWID_WRL,2021/1/31,12878434
World,OWID_WRL,2021/2/1,13874550
World,OWID_WRL,2021/2/2,15050337
World,OWID_WRL,2021/2/3,16467896
World,OWID_WRL,2021/2/4,17995832
World,OWID_WRL,2021/2/5,19596011
World,OWID_WRL,2021/2/6,20291179
World,OWID_WRL,2021/2/7,20845428
World,OWID_WRL,2021/2/8,21986829
World,OWID_WRL,2021/2/9,23443005
World,OWID_WRL,2021/2/10,25097589
World,OWID_WRL,2021/2/11,26889472
World,OWID_WRL,2021/2/12,29222537
World,OWID_WRL,2021/2/13,30226214
World,OWID_WRL,2021/2/14,30924321
World,OWID_WRL,2021/2/15,32177462
World,OWID_WRL,2021/2/16,33902848
World,OWID_WRL,2021/2/17,35860839
World,OWID_WRL,2021/2/18,37831962
World,OWID_WRL,2021/2/19,40381966
World,OWID_WRL,2021/2/20,41661011
World,OWID_WRL,2021/2/21,42472603
World,OWID_WRL,2021/2/22,44008575
World,OWID_WRL,2021/2/23,48143209
World,OWID_WRL,2021/2/24,50331196
World,OWID_WRL,2021/2/25,52876159
World,OWID_WRL,2021/2/26,55602839
World,OWID_WRL,2021/2/27,57172366
World,OWID_WRL,2021/2/28,57808684
World,OWID_WRL,2021/3/1,59372893
World,OWID_WRL,2021/3/2,62325096
World,OWID_WRL,2021/3/3,64838199
World,OWID_WRL,2021/3/4,67653448
World,OWID_WRL,2021/3/5,70451391
World,OWID_WRL,2021/3/6,72419599
World,OWID_WRL,2021/3/7,73173101
World,OWID_WRL,2021/3/8,75184346
World,OWID_WRL,2021/3/9,77577907
World,OWID_WRL,2021/3/10,80703928
World,OWID_WRL,2021/3/11,83677640
World,OWID_WRL,2021/3/12,87295825
World,OWID_WRL,2021/3/13,89623186
World,OWID_WRL,2021/3/14,90489956
World,OWID_WRL,2021/3/15,93405395
World,OWID_WRL,2021/3/16,96463289
World,OWID_WRL,2021/3/17,100273692
World,OWID_WRL,2021/3/18,103369614
World,OWID_WRL,2021/3/19,107032174
World,OWID_WRL,2021/3/20,109057429
World,OWID_WRL,2021/3/21,109967807
World,OWID_WRL,2021/3/22,112402814
World,OWID_WRL,2021/3/23,115178602
World,OWID_WRL,2021/3/24,118803938
World,OWID_WRL,2021/3/25,122537604
World,OWID_WRL,2021/3/26,126664964
World,OWID_WRL,2021/3/27,128927111
World,OWID_WRL,2021/3/28,130015800
World,OWID_WRL,2021/3/29,134288332
World,OWID_WRL,2021/3/30,138029701
World,OWID_WRL,2021/3/31,142394325
World,OWID_WRL,2021/4/1,147315204
World,OWID_WRL,2021/4/2,150978172
World,OWID_WRL,2021/4/3,153459879
World,OWID_WRL,2021/4/4,154628380
World,OWID_WRL,2021/4/5,158032111
World,OWID_WRL,2021/4/6,162420582
World,OWID_WRL,2021/4/7,167689234
World,OWID_WRL,2021/4/8,173186823
World,OWID_WRL,2021/4/9,179066116
World,OWID_WRL,2021/4/10,182950921
World,OWID_WRL,2021/4/11,185201725
World,OWID_WRL,2021/4/12,189589314
World,OWID_WRL,2021/4/13,194010185
World,OWID_WRL,2021/4/14,199344985
World,OWID_WRL,2021/4/15,204736925
World,OWID_WRL,2021/4/16,210249739
World,OWID_WRL,2021/4/17,213799095
World,OWID_WRL,2021/4/18,216420794
World,OWID_WRL,2021/4/19,221188243
World,OWID_WRL,2021/4/20,227452584
World,OWID_WRL,2021/4/21,232716746
World,OWID_WRL,2021/4/22,239195277
World,OWID_WRL,2021/4/23,244970711
World,OWID_WRL,2021/4/24,248312152
World,OWID_WRL,2021/4/25,252567819
World,OWID_WRL,2021/4/26,257945850
World,OWID_WRL,2021/4/27,264268328
World,OWID_WRL,2021/4/28,271507187
World,OWID_WRL,2021/4/29,279058939
World,OWID_WRL,2021/4/30,285592913
World,OWID_WRL,2021/5/1,289136972
World,OWID_WRL,2021/5/2,291732825
World,OWID_WRL,2021/5/3,296223445
World,OWID_WRL,2021/5/4,302899880
World,OWID_WRL,2021/5/5,310351536
World,OWID_WRL,2021/5/6,317457145
World,OWID_WRL,2021/5/7,325637247
World,OWID_WRL,2021/5/8,330181187
World,OWID_WRL,2021/5/9,332778941
World,OWID_WRL,2021/5/10,338297268
World,OWID_WRL,2021/5/11,345698554
World,OWID_WRL,2021/5/12,352273296
World,OWID_WRL,2021/5/13,358435316
World,OWID_WRL,2021/5/14,364409713
World,OWID_WRL,2021/5/15,368250789
World,OWID_WRL,2021/5/16,371211042
World,OWID_WRL,2021/5/17,375592511
World,OWID_WRL,2021/5/18,381212286
World,OWID_WRL,2021/5/19,386719218
World,OWID_WRL,2021/5/20,393562940
World,OWID_WRL,2021/5/21,400466741
World,OWID_WRL,2021/5/22,404907432
World,OWID_WRL,2021/5/23,407922313
World,OWID_WRL,2021/5/24,411876600
World,OWID_WRL,2021/5/25,416704484
World,OWID_WRL,2021/5/26,422107456
World,OWID_WRL,2021/5/27,427508852
World,OWID_WRL,2021/5/28,433926079
World,OWID_WRL,2021/5/29,437348791
World,OWID_WRL,2021/5/30,440517697
World,OWID_WRL,2021/5/31,445220857
World,OWID_WRL,2021/6/1,451659805
World,OWID_WRL,2021/6/2,457788776
World,OWID_WRL,2021/6/3,463234397
World,OWID_WRL,2021/6/4,470194265
World,OWID_WRL,2021/6/5,474649967
World,OWID_WRL,2021/6/6,478540228
World,OWID_WRL,2021/6/7,483571913
World,OWID_WRL,2021/6/8,490499491
World,OWID_WRL,2021/6/9,497713334
World,OWID_WRL,2021/6/10,504486513
World,OWID_WRL,2021/6/11,512283190
World,OWID_WRL,2021/6/12,517082258
World,OWID_WRL,2021/6/13,521533847
World,OWID_WRL,2021/6/14,527782899
World,OWID_WRL,2021/6/15,535385809
World,OWID_WRL,2021/6/16,542738606
World,OWID_WRL,2021/6/17,550413092
World,OWID_WRL,2021/6/18,558427158
World,OWID_WRL,2021/6/19,563626837
World,OWID_WRL,2021/6/20,568369121
World,OWID_WRL,2021/6/21,574677934
World,OWID_WRL,2021/6/22,582313033
World,OWID_WRL,2021/6/23,589592467
World,OWID_WRL,2021/6/24,597749378
World,OWID_WRL,2021/6/25,606307157
World,OWID_WRL,2021/6/26,612386162
World,OWID_WRL,2021/6/27,619356341
World,OWID_WRL,2021/6/28,626375362
World,OWID_WRL,2021/6/29,635544020
World,OWID_WRL,2021/6/30,643485256
World,OWID_WRL,2021/7/1,651528717
World,OWID_WRL,2021/7/2,659721947
World,OWID_WRL,2021/7/3,667746880
World,OWID_WRL,2021/7/4,673319751
World,OWID_WRL,2021/7/5,683716258
World,OWID_WRL,2021/7/6,691635661
World,OWID_WRL,2021/7/7,701061282
World,OWID_WRL,2021/7/8,712537507
World,OWID_WRL,2021/7/9,721103409
World,OWID_WRL,2021/7/10,728722352
World,OWID_WRL,2021/7/11,734950748
World,OWID_WRL,2021/7/12,744706478
World,OWID_WRL,2021/7/13,754208874
World,OWID_WRL,2021/7/14,764231917
World,OWID_WRL,2021/7/15,774655283
World,OWID_WRL,2021/7/16,785711841
World,OWID_WRL,2021/7/17,793484844
World,OWID_WRL,2021/7/18,798511445
World,OWID_WRL,2021/7/19,807966134
World,OWID_WRL,2021/7/20,816620242
World,OWID_WRL,2021/7/21,825264911
World,OWID_WRL,2021/7/22,835406300
World,OWID_WRL,2021/7/23,846298553
World,OWID_WRL,2021/7/24,853528565
World,OWID_WRL,2021/7/25,861132506
World,OWID_WRL,2021/7/26,872693217
World,OWID_WRL,2021/7/27,883429140
World,OWID_WRL,2021/7/28,893614457
World,OWID_WRL,2021/7/29,905834289
World,OWID_WRL,2021/7/30,917348113
World,OWID_WRL,2021/7/31,923945303
World,OWID_WRL,2021/8/1,931213677
World,OWID_WRL,2021/8/2,939387218
World,OWID_WRL,2021/8/3,952034307
World,OWID_WRL,2021/8/4,961042213
World,OWID_WRL,2021/8/5,970818019
World,OWID_WRL,2021/8/6,981281065
World,OWID_WRL,2021/8/7,989275183
World,OWID_WRL,2021/8/8,996319928
World,OWID_WRL,2021/8/9,1010565698
World,OWID_WRL,2021/8/10,1021109742
World,OWID_WRL,2021/8/11,1031496726
World,OWID_WRL,2021/8/12,1818867733
World,OWID_WRL,2021/8/13,1833031629
World,OWID_WRL,2021/8/14,1842334025
World,OWID_WRL,2021/8/15,1848042715
World,OWID_WRL,2021/8/16,1858034416
World,OWID_WRL,2021/8/17,1869039098
World,OWID_WRL,2021/8/18,1879743681
World,OWID_WRL,2021/8/19,1890523462
World,OWID_WRL,2021/8/20,1904370675
World,OWID_WRL,2021/8/21,1911891382
World,OWID_WRL,2021/8/22,1919235928
World,OWID_WRL,2021/8/23,1928049601
World,OWID_WRL,2021/8/24,1941079875
World,OWID_WRL,2021/8/25,1954031586
World,OWID_WRL,2021/8/26,2077621277
World,OWID_WRL,2021/8/27,2094205294
World,OWID_WRL,2021/8/28,2103714333
World,OWID_WRL,2021/8/29,2115797744
World,OWID_WRL,2021/8/30,2125742315
World,OWID_WRL,2021/8/31,2138606135
World,OWID_WRL,2021/9/1,2153150424
World,OWID_WRL,2021/9/2,2164254270
World,OWID_WRL,2021/9/3,2174828947
World,OWID_WRL,2021/9/4,2184388183
World,OWID_WRL,2021/9/5,2196018504
World,OWID_WRL,2021/9/6,2285033568
World,OWID_WRL,2021/9/7,2296521092
World,OWID_WRL,2021/9/8,2313721166
World,OWID_WRL,2021/9/9,2329976000
World,OWID_WRL,2021/9/10,2342454506
World,OWID_WRL,2021/9/11,2355273816
World,OWID_WRL,2021/9/12,2366547036
World,OWID_WRL,2021/9/13,2377771169
World,OWID_WRL,2021/9/14,2389007623
World,OWID_WRL,2021/9/15,2443639244
World,OWID_WRL,2021/9/16,2456241663
World,OWID_WRL,2021/9/17,2467918081
World,OWID_WRL,2021/9/18,2493063366
World,OWID_WRL,2021/9/19,2504182588
World,OWID_WRL,2021/9/20,2514217512
World,OWID_WRL,2021/9/21,2526754119
World,OWID_WRL,2021/9/22,2537922458
World,OWID_WRL,2021/9/23,2549703507
World,OWID_WRL,2021/9/24,2562036955
World,OWID_WRL,2021/9/25,2571781593
World,OWID_WRL,2021/9/26,2579671077
World,OWID_WRL,2021/9/27,2597757420
World,OWID_WRL,2021/9/28,2633351407
World,OWID_WRL,2021/9/29,2643912436
World,OWID_WRL,2021/9/30,2656705929
World,OWID_WRL,2021/10/1,2667492549
World,OWID_WRL,2021/10/2,2677032956
World,OWID_WRL,2021/10/3,2685471279
World,OWID_WRL,2021/10/4,2696636140
World,OWID_WRL,2021/10/5,2713057327
World,OWID_WRL,2021/10/6,2724194886
World,OWID_WRL,2021/10/7,2736126142
World,OWID_WRL,2021/10/8,2751421437
World,OWID_WRL,2021/10/9,2761981249
World,OWID_WRL,2021/10/10,2774541837
World,OWID_WRL,2021/10/11,2784434052
World,OWID_WRL,2021/10/12,2795057022
World,OWID_WRL,2021/10/13,2804934352
World,OWID_WRL,2021/10/14,2814523993
World,OWID_WRL,2021/10/15,2823905178
World,OWID_WRL,2021/10/16,2830061200
World,OWID_WRL,2021/10/17,2840665772
World,OWID_WRL,2021/10/18,2854494703
World,OWID_WRL,2021/10/19,2866612459
World,OWID_WRL,2021/10/20,2880200403
World,OWID_WRL,2021/10/21,2891569044
World,OWID_WRL,2021/10/22,2903872729
World,OWID_WRL,2021/10/23,2936039133
World,OWID_WRL,2021/10/24,2947273202
World,OWID_WRL,2021/10/25,2956110466
World,OWID_WRL,2021/10/26,2967729963
World,OWID_WRL,2021/10/27,2976975050
World,OWID_WRL,2021/10/28,2989216692
World,OWID_WRL,2021/10/29,3010802388
World,OWID_WRL,2021/10/30,3024591145
World,OWID_WRL,2021/10/31,3040808904
World,OWID_WRL,2021/11/1,3049888431
World,OWID_WRL,2021/11/2,3059496850
World,OWID_WRL,2021/11/3,3068655958
World,OWID_WRL,2021/11/4,3078174518
World,OWID_WRL,2021/11/5,3092176523
World,OWID_WRL,2021/11/6,3099357323
World,OWID_WRL,2021/11/7,3107422223
World,OWID_WRL,2021/11/8,3115957603
World,OWID_WRL,2021/11/9,3127058343
World,OWID_WRL,2021/11/10,3139380588
World,OWID_WRL,2021/11/11,3151913940
World,OWID_WRL,2021/11/12,3165889508
World,OWID_WRL,2021/11/13,3179289407
World,OWID_WRL,2021/11/14,3189449274
World,OWID_WRL,2021/11/15,3197706657
World,OWID_WRL,2021/11/16,3206786469
World,OWID_WRL,2021/11/17,3218274321
World,OWID_WRL,2021/11/18,3231411793
World,OWID_WRL,2021/11/19,3243986422
World,OWID_WRL,2021/11/20,3256856811
World,OWID_WRL,2021/11/21,3266494520
World,OWID_WRL,2021/11/22,3276993305
World,OWID_WRL,2021/11/23,3286963293
World,OWID_WRL,2021/11/24,3301165476
World,OWID_WRL,2021/11/25,3309005274
World,OWID_WRL,2021/11/26,3322483364
World,OWID_WRL,2021/11/27,3330246630
World,OWID_WRL,2021/11/28,3344412501
World,OWID_WRL,2021/11/29,3387978474
World,OWID_WRL,2021/11/30,3402052916
World,OWID_WRL,2021/12/1,3415052671
World,OWID_WRL,2021/12/2,3461117373
World,OWID_WRL,2021/12/3,3485484325
World,OWID_WRL,2021/12/4,3498785464
World,OWID_WRL,2021/12/5,3508632063
World,OWID_WRL,2021/12/6,3517695118
World,OWID_WRL,2021/12/7,3527543660
World,OWID_WRL,2021/12/8,3541319955
World,OWID_WRL,2021/12/9,3557334528
World,OWID_WRL,2021/12/10,3602594902
World,OWID_WRL,2021/12/11,3619078959
World,OWID_WRL,2021/12/12,3631613172
World,OWID_WRL,2021/12/13,3640048372
World,OWID_WRL,2021/12/14,3653293321
World,OWID_WRL,2021/12/15,3664783517
World,OWID_WRL,2021/12/16,3672235572
World,OWID_WRL,2021/12/17,3708822423
World,OWID_WRL,2021/12/18,3717961160
World,OWID_WRL,2021/12/19,3733520721
World,OWID_WRL,2021/12/20,3748283365
World,OWID_WRL,2021/12/21,3759037168
World,OWID_WRL,2021/12/22,3766045001
World,OWID_WRL,2021/12/23,3775319256
World,OWID_WRL,2021/12/24,3785279507
World,OWID_WRL,2021/12/25,3803368381
World,OWID_WRL,2021/12/26,3809315448
World,OWID_WRL,2021/12/27,3815974505
World,OWID_WRL,2021/12/28,3836687983
World,OWID_WRL,2021/12/29,3847832254
World,OWID_WRL,2021/12/30,3868543929
World,OWID_WRL,2021/12/31,3879378976
World,OWID_WRL,2022/1/1,3887002945
World,OWID_WRL,2022/1/2,3890474450
World,OWID_WRL,2022/1/3,3898292264
World,OWID_WRL,2022/1/4,3907998773
World,OWID_WRL,2022/1/5,3914676112
World,OWID_WRL,2022/1/6,3927946293
World,OWID_WRL,2022/1/7,3939433380
World,OWID_WRL,2022/1/8,3943808764
World,OWID_WRL,2022/1/9,3952995950
World,OWID_WRL,2022/1/10,3975205958
World,OWID_WRL,2022/1/11,3985578082
World,OWID_WRL,2022/1/12,3993295908
World,OWID_WRL,2022/1/13,4006783007
World,OWID_WRL,2022/1/14,4016612103
World,OWID_WRL,2022/1/15,4024787612
World,OWID_WRL,2022/1/16,4033150471
World,OWID_WRL,2022/1/17,4041373382
World,OWID_WRL,2022/1/18,4046414654
World,OWID_WRL,2022/1/19,4060721496
World,OWID_WRL,2022/1/20,4068947341
World,OWID_WRL,2022/1/21,4082146787
World,OWID_WRL,2022/1/22,4089610764
World,OWID_WRL,2022/1/23,4095315072
World,OWID_WRL,2022/1/24,4100902764
World,OWID_WRL,2022/1/25,4108384952
World,OWID_WRL,2022/1/26,4115461424
World,OWID_WRL,2022/1/27,4122305718
World,OWID_WRL,2022/1/28,4134103168
World,OWID_WRL,2022/1/29,4139710356
World,OWID_WRL,2022/1/30,4147359189
World,OWID_WRL,2022/1/31,4155768757
World,OWID_WRL,2022/2/1,4164128970
World,OWID_WRL,2022/2/2,4171750045
World,OWID_WRL,2022/2/3,4177666856
World,OWID_WRL,2022/2/4,4188156491
World,OWID_WRL,2022/2/5,4194607557
World,OWID_WRL,2022/2/6,4201656742
World,OWID_WRL,2022/2/7,4206799456
World,OWID_WRL,2022/2/8,4215982570
World,OWID_WRL,2022/2/9,4224208786
World,OWID_WRL,2022/2/10,4231337424
World,OWID_WRL,2022/2/11,4241696046
World,OWID_WRL,2022/2/12,4246806960
World,OWID_WRL,2022/2/13,4256013392
World,OWID_WRL,2022/2/14,4261264959
World,OWID_WRL,2022/2/15,4271004150
World,OWID_WRL,2022/2/16,4276804668
World,OWID_WRL,2022/2/17,4283472001
World,OWID_WRL,2022/2/18,4308404431
World,OWID_WRL,2022/2/19,4317297291
World,OWID_WRL,2022/2/20,4321998506
World,OWID_WRL,2022/2/21,4330398107
World,OWID_WRL,2022/2/22,4337029223
World,OWID_WRL,2022/2/23,4342260441
World,OWID_WRL,2022/2/24,4347261323
World,OWID_WRL,2022/2/25,4354728158
World,OWID_WRL,2022/2/26,4359717879
World,OWID_WRL,2022/2/27,4362233739
World,OWID_WRL,2022/2/28,4373738011
World,OWID_WRL,2022/3/1,4376348330
World,OWID_WRL,2022/3/2,4378883367
World,OWID_WRL,2022/3/3,4384816076
World,OWID_WRL,2022/3/4,4389093628
World,OWID_WRL,2022/3/5,4395746822
World,OWID_WRL,2022/3/6,4423354324
World,OWID_WRL,2022/3/7,4427284948
World,OWID_WRL,2022/3/8,4432657330
World,OWID_WRL,2022/3/9,4438137217
World,OWID_WRL,2022/3/10,4444214972
World,OWID_WRL,2022/3/11,4448525922
World,OWID_WRL,2022/3/12,4451479582
World,OWID_WRL,2022/3/13,4458046339
World,OWID_WRL,2022/3/14,4470794094
World,OWID_WRL,2022/3/15,4475926069
World,OWID_WRL,2022/3/16,4479766001
World,OWID_WRL,2022/3/17,4483346583
World,OWID_WRL,2022/3/18,4486708924
World,OWID_WRL,2022/3/19,4488378026
World,OWID_WRL,2022/3/20,4491175703
World,OWID_WRL,2022/3/21,4495178591
World,OWID_WRL,2022/3/22,4498878164
World,OWID_WRL,2022/3/23,4503297897
World,OWID_WRL,2022/3/24,4507149942
World,OWID_WRL,2022/3/25,4509283243
World,OWID_WRL,2022/3/26,4513054034
World,OWID_WRL,2022/3/27,4517680960
World,OWID_WRL,2022/3/28,4525758105
World,OWID_WRL,2022/3/29,4533595076
World,OWID_WRL,2022/3/30,4539808200
World,OWID_WRL,2022/3/31,4558533785
World,OWID_WRL,2022/4/1,4560336284
World,OWID_WRL,2022/4/2,4561109800
World,OWID_WRL,2022/4/3,4565174876
World,OWID_WRL,2022/4/4,4568503759
World,OWID_WRL,2022/4/5,4571496292
World,OWID_WRL,2022/4/6,4574086834
World,OWID_WRL,2022/4/7,4580050563
World,OWID_WRL,2022/4/8,4582227701
World,OWID_WRL,2022/4/9,4585406442
World,OWID_WRL,2022/4/10,4594028759
World,OWID_WRL,2022/4/11,4597712854
World,OWID_WRL,2022/4/12,4601166527
World,OWID_WRL,2022/4/13,4602844591
World,OWID_WRL,2022/4/14,4604737102
World,OWID_WRL,2022/4/15,4605770126
World,OWID_WRL,2022/4/16,4606270204
World,OWID_WRL,2022/4/17,4607808843
World,OWID_WRL,2022/4/18,4612862458
World,OWID_WRL,2022/4/19,4615433477
World,OWID_WRL,2022/4/20,4616898284
World,OWID_WRL,2022/4/21,4618943138
World,OWID_WRL,2022/4/22,4621176532
World,OWID_WRL,2022/4/23,4622988892
World,OWID_WRL,2022/4/24,4626346788
World,OWID_WRL,2022/4/25,4628101375
World,OWID_WRL,2022/4/26,4635163133
World,OWID_WRL,2022/4/27,4640132357
World,OWID_WRL,2022/4/28,4643038639
World,OWID_WRL,2022/4/29,4646948619
World,OWID_WRL,2022/4/30,4649250136
World,OWID_WRL,2022/5/1,4652294918
World,OWID_WRL,2022/5/2,4653471977
World,OWID_WRL,2022/5/3,4655205743
World,OWID_WRL,2022/5/4,4656214017
World,OWID_WRL,2022/5/5,4659276381
World,OWID_WRL,2022/5/6,4661392047
World,OWID_WRL,2022/5/7,4663572811
World,OWID_WRL,2022/5/8,4667617402
World,OWID_WRL,2022/5/9,4669209458
World,OWID_WRL,2022/5/10,4671623473
World,OWID_WRL,2022/5/11,4674376796
World,OWID_WRL,2022/5/12,4677764631
World,OWID_WRL,2022/5/13,4679809111
World,OWID_WRL,2022/5/14,4681612614
World,OWID_WRL,2022/5/15,4685281699
World,OWID_WRL,2022/5/16,4686145704
World,OWID_WRL,2022/5/17,4687291955
World,OWID_WRL,2022/5/18,4689562381
World,OWID_WRL,2022/5/19,4691135853
World,OWID_WRL,2022/5/20,4693372256
World,OWID_WRL,2022/5/21,4694875741
World,OWID_WRL,2022/5/22,4700852070
World,OWID_WRL,2022/5/23,4702073114
World,OWID_WRL,2022/5/24,4705580232
World,OWID_WRL,2022/5/25,4707042887
World,OWID_WRL,2022/5/26,4709783509
World,OWID_WRL,2022/5/27,4711582691
World,OWID_WRL,2022/5/28,4713114925
World,OWID_WRL,2022/5/29,4714674916
World,OWID_WRL,2022/5/30,4716081393
World,OWID_WRL,2022/5/31,4717872203
World,OWID_WRL,2022/6/1,4720970330
World,OWID_WRL,2022/6/2,4721692384
World,OWID_WRL,2022/6/3,4724051948
World,OWID_WRL,2022/6/4,4725767824
World,OWID_WRL,2022/6/5,4729911251
World,OWID_WRL,2022/6/6,4730752790
World,OWID_WRL,2022/6/7,4732301883
World,OWID_WRL,2022/6/8,4735250718
World,OWID_WRL,2022/6/9,4737701220
World,OWID_WRL,2022/6/10,4739358650
World,OWID_WRL,2022/6/11,4740734342
World,OWID_WRL,2022/6/12,4742442868
World,OWID_WRL,2022/6/13,4743854586
World,OWID_WRL,2022/6/14,4745263980
World,OWID_WRL,2022/6/15,4747272970
World,OWID_WRL,2022/6/16,4750989968
World,OWID_WRL,2022/6/17,4752983807
World,OWID_WRL,2022/6/18,4755085987
World,OWID_WRL,2022/6/19,4766534812
World,OWID_WRL,2022/6/20,4767223194
World,OWID_WRL,2022/6/21,4768923545
World,OWID_WRL,2022/6/22,4770664532
World,OWID_WRL,2022/6/23,4773245586
World,OWID_WRL,2022/6/24,4774772265
World,OWID_WRL,2022/6/25,4776102679
World,OWID_WRL,2022/6/26,4779933597
World,OWID_WRL,2022/6/27,4782343270
World,OWID_WRL,2022/6/28,4783957304
World,OWID_WRL,2022/6/29,4787737466
World,OWID_WRL,2022/6/30,4789182207
World,OWID_WRL,2022/7/1,4790397919
World,OWID_WRL,2022/7/2,4791316066
World,OWID_WRL,2022/7/3,4797643578
World,OWID_WRL,2022/7/4,4798335274
World,OWID_WRL,2022/7/5,4799623695
World,OWID_WRL,2022/7/6,4800584070
World,OWID_WRL,2022/7/7,4804243113
World,OWID_WRL,2022/7/8,4805737921
World,OWID_WRL,2022/7/9,4805969879
World,OWID_WRL,2022/7/10,4812830948
World,OWID_WRL,2022/7/11,4813724088
World,OWID_WRL,2022/7/12,4815249213
World,OWID_WRL,2022/7/13,4816581644
World,OWID_WRL,2022/7/14,4819014107
World,OWID_WRL,2022/7/15,4820349019
World,OWID_WRL,2022/7/16,4820917421
World,OWID_WRL,2022/7/17,4826304742
World,OWID_WRL,2022/7/18,4827634947
World,OWID_WRL,2022/7/19,4830797656
World,OWID_WRL,2022/7/20,4833977734
World,OWID_WRL,2022/7/21,4835746183
World,OWID_WRL,2022/7/22,4837299592
World,OWID_WRL,2022/7/23,4838017759
World,OWID_WRL,2022/7/24,4841284515
World,OWID_WRL,2022/7/25,4842049374
World,OWID_WRL,2022/7/26,4842957848
World,OWID_WRL,2022/7/27,4845706645
World,OWID_WRL,2022/7/28,4846486115
World,OWID_WRL,2022/7/29,4847535623
World,OWID_WRL,2022/7/30,4848316111
World,OWID_WRL,2022/7/31,4859606189
World,OWID_WRL,2022/8/1,4860246726
World,OWID_WRL,2022/8/2,4861095517
World,OWID_WRL,2022/8/3,4861466323
World,OWID_WRL,2022/8/4,4863596063
World,OWID_WRL,2022/8/5,4864737006
World,OWID_WRL,2022/8/6,4865391519
World,OWID_WRL,2022/8/7,4873587557
World,OWID_WRL,2022/8/8,4874888160
World,OWID_WRL,2022/8/9,4879106265
World,OWID_WRL,2022/8/10,4879595775
World,OWID_WRL,2022/8/11,4880028075
World,OWID_WRL,2022/8/12,4880944171
World,OWID_WRL,2022/8/13,4881291195
World,OWID_WRL,2022/8/14,4888559264
World,OWID_WRL,2022/8/15,4890625936
World,OWID_WRL,2022/8/16,4891203829
World,OWID_WRL,2022/8/17,4891850230
World,OWID_WRL,2022/8/18,4893861555
World,OWID_WRL,2022/8/19,4894734736
World,OWID_WRL,2022/8/20,4895076452
World,OWID_WRL,2022/8/21,4900242828
World,OWID_WRL,2022/8/22,4901281272
World,OWID_WRL,2022/8/23,4901774525
World,OWID_WRL,2022/8/24,4902281308
World,OWID_WRL,2022/8/25,4902813180
World,OWID_WRL,2022/8/26,4903607403
World,OWID_WRL,2022/8/27,4904024980
World,OWID_WRL,2022/8/28,4906817847
World,OWID_WRL,2022/8/29,4908235101
World,OWID_WRL,2022/8/30,4908989942
World,OWID_WRL,2022/8/31,4910078397
World,OWID_WRL,2022/9/1,4911225443
World,OWID_WRL,2022/9/2,4911897884
World,OWID_WRL,2022/9/3,4912257554
World,OWID_WRL,2022/9/4,4917906236
World,OWID_WRL,2022/9/5,4918234404
World,OWID_WRL,2022/9/6,4918518844
World,OWID_WRL,2022/9/7,4921256929
World,OWID_WRL,2022/9/8,4922033059
World,OWID_WRL,2022/9/9,4922657898
World,OWID_WRL,2022/9/10,4922936904
World,OWID_WRL,2022/9/11,4924225548
World,OWID_WRL,2022/9/12,4924912174
World,OWID_WRL,2022/9/13,4926231231
World,OWID_WRL,2022/9/14,4926616976
World,OWID_WRL,2022/9/15,4927437050
World,OWID_WRL,2022/9/16,4927901006
World,OWID_WRL,2022/9/17,4928253046
World,OWID_WRL,2022/9/18,4933411101
World,OWID_WRL,2022/9/19,4933876435
World,OWID_WRL,2022/9/20,4934229032
World,OWID_WRL,2022/9/21,4934521518
World,OWID_WRL,2022/9/22,4935154531
World,OWID_WRL,2022/9/23,4935548685
World,OWID_WRL,2022/9/24,4935824909
World,OWID_WRL,2022/9/25,4940585297
World,OWID_WRL,2022/9/26,4941096713
World,OWID_WRL,2022/9/27,4941470773
World,OWID_WRL,2022/9/28,4942897348
World,OWID_WRL,2022/9/29,4943442823
World,OWID_WRL,2022/9/30,4943906175
World,OWID_WRL,2022/10/1,4944922874
World,OWID_WRL,2022/10/2,4947498881
World,OWID_WRL,2022/10/3,4947627181
World,OWID_WRL,2022/10/4,4948070640
World,OWID_WRL,2022/10/5,4949319113
World,OWID_WRL,2022/10/6,4949573856
World,OWID_WRL,2022/10/7,4951932364
World,OWID_WRL,2022/10/8,4952060355
World,OWID_WRL,2022/10/9,4961966556
World,OWID_WRL,2022/10/10,4962180436
World,OWID_WRL,2022/10/11,4963349525
World,OWID_WRL,2022/10/12,4963893400
World,OWID_WRL,2022/10/13,4964109728
World,OWID_WRL,2022/10/14,4965268861
World,OWID_WRL,2022/10/15,4965397637
World,OWID_WRL,2022/10/16,4969160064
World,OWID_WRL,2022/10/17,4970109188
World,OWID_WRL,2022/10/18,4970920406
World,OWID_WRL,2022/10/19,4971083412
World,OWID_WRL,2022/10/20,4972262908
World,OWID_WRL,2022/10/21,4972589385
World,OWID_WRL,2022/10/22,4972786416
World,OWID_WRL,2022/10/23,4975243667
World,OWID_WRL,2022/10/24,4975455341
World,OWID_WRL,2022/10/25,4975886275
World,OWID_WRL,2022/10/26,4976002717
World,OWID_WRL,2022/10/27,4976311743
World,OWID_WRL,2022/10/28,4976561405
World,OWID_WRL,2022/10/29,4976708415
World,OWID_WRL,2022/10/30,4985786605
World,OWID_WRL,2022/10/31,4985959337
World,OWID_WRL,2022/11/1,4986125048
World,OWID_WRL,2022/11/2,4986251654
World,OWID_WRL,2022/11/3,4986553088
World,OWID_WRL,2022/11/4,4987226386
World,OWID_WRL,2022/11/5,4987367203
World,OWID_WRL,2022/11/6,4989364102
World,OWID_WRL,2022/11/7,4989444807
World,OWID_WRL,2022/11/8,4989921019
World,OWID_WRL,2022/11/9,4990075825
World,OWID_WRL,2022/11/10,4990263784
World,OWID_WRL,2022/11/11,4990834358
World,OWID_WRL,2022/11/12,4990900836
World,OWID_WRL,2022/11/13,4997567326
World,OWID_WRL,2022/11/14,4997658683
World,OWID_WRL,2022/11/15,4997901301
World,OWID_WRL,2022/11/16,4998350455
World,OWID_WRL,2022/11/17,4998737237
World,OWID_WRL,2022/11/18,4999653919
World,OWID_WRL,2022/11/19,5000041304
World,OWID_WRL,2022/11/20,5004114020
World,OWID_WRL,2022/11/21,5004183580
World,OWID_WRL,2022/11/22,5004424369
World,OWID_WRL,2022/11/23,5005003464
World,OWID_WRL,2022/11/24,5005097634
World,OWID_WRL,2022/11/25,5005233760
World,OWID_WRL,2022/11/26,5005329233
World,OWID_WRL,2022/11/27,5011683741
World,OWID_WRL,2022/11/28,5012858253
World,OWID_WRL,2022/11/29,5013560838
World,OWID_WRL,2022/11/30,5014579906
World,OWID_WRL,2022/12/1,5015252679
World,OWID_WRL,2022/12/2,5015442741
World,OWID_WRL,2022/12/3,5015817468
World,OWID_WRL,2022/12/4,5017415236
World,OWID_WRL,2022/12/5,5017504126
World,OWID_WRL,2022/12/6,5018761407
World,OWID_WRL,2022/12/7,5018885291
World,OWID_WRL,2022/12/8,5018950327
World,OWID_WRL,2022/12/9,5019043982
World,OWID_WRL,2022/12/10,5019098713
World,OWID_WRL,2022/12/11,5033174046
World,OWID_WRL,2022/12/12,5033781127
World,OWID_WRL,2022/12/13,5035037383
World,OWID_WRL,2022/12/14,5035376145
World,OWID_WRL,2022/12/15,5035883957
World,OWID_WRL,2022/12/16,5036302056
World,OWID_WRL,2022/12/17,5036355745
World,OWID_WRL,2022/12/18,5041172935
World,OWID_WRL,2022/12/19,5041227707
World,OWID_WRL,2022/12/20,5041759843
World,OWID_WRL,2022/12/21,5041863388
World,OWID_WRL,2022/12/22,5043015713
World,OWID_WRL,2022/12/23,5043068360
World,OWID_WRL,2022/12/24,5043117458
World,OWID_WRL,2022/12/25,5043284897
World,OWID_WRL,2022/12/26,5043313493
World,OWID_WRL,2022/12/27,5043784148
World,OWID_WRL,2022/12/28,5043845071
World,OWID_WRL,2022/12/29,5043949641
World,OWID_WRL,2022/12/30,5044008165
World,OWID_WRL,2022/12/31,5044053377
World,OWID_WRL,2023/1/1,5045026284
World,OWID_WRL,2023/1/2,5046561873
World,OWID_WRL,2023/1/3,5046685800
World,OWID_WRL,2023/1/4,5046935281
World,OWID_WRL,2023/1/5,5047140597
World,OWID_WRL,2023/1/6,5047765999
World,OWID_WRL,2023/1/7,5047815513
World,OWID_WRL,2023/1/8,5052375947
World,OWID_WRL,2023/1/9,5052406913
World,OWID_WRL,2023/1/10,5052453091
World,OWID_WRL,2023/1/11,5054264900
World,OWID_WRL,2023/1/12,5056622127
World,OWID_WRL,2023/1/13,5056681733
World,OWID_WRL,2023/1/14,5056721685
World,OWID_WRL,2023/1/15,5058240506
World,OWID_WRL,2023/1/16,5059800686
World,OWID_WRL,2023/1/17,5060900385
World,OWID_WRL,2023/1/18,5060943006
World,OWID_WRL,2023/1/19,5061241410
World,OWID_WRL,2023/1/20,5061342479
World,OWID_WRL,2023/1/21,5061399720
World,OWID_WRL,2023/1/22,5070153569
World,OWID_WRL,2023/1/23,5070180580
World,OWID_WRL,2023/1/24,5070242734
World,OWID_WRL,2023/1/25,5072559421
World,OWID_WRL,2023/1/26,5072651753
World,OWID_WRL,2023/1/27,5072778277
World,OWID_WRL,2023/1/28,5073434905
World,OWID_WRL,2023/1/29,5074085174
World,OWID_WRL,2023/1/30,5074155293
World,OWID_WRL,2023/1/31,5075253173
World,OWID_WRL,2023/2/1,5075304852
World,OWID_WRL,2023/2/2,5075554044
World,OWID_WRL,2023/2/3,5075722241
World,OWID_WRL,2023/2/4,5075797910
World,OWID_WRL,2023/2/5,5080822473
World,OWID_WRL,2023/2/6,5081015973
World,OWID_WRL,2023/2/7,5081068107
World,OWID_WRL,2023/2/8,5081948111
World,OWID_WRL,2023/2/9,5082099295
World,OWID_WRL,2023/2/10,5082164460
World,OWID_WRL,2023/2/11,5082245154
World,OWID_WRL,2023/2/12,5085713270
World,OWID_WRL,2023/2/13,5086169562
World,OWID_WRL,2023/2/14,5086710629
World,OWID_WRL,2023/2/15,5086740945
World,OWID_WRL,2023/2/16,5086795003
World,OWID_WRL,2023/2/17,5086843977
World,OWID_WRL,2023/2/18,5087057394
World,OWID_WRL,2023/2/19,5092729076
World,OWID_WRL,2023/2/20,5092779319
World,OWID_WRL,2023/2/21,5093766090
World,OWID_WRL,2023/2/22,5093857188
World,OWID_WRL,2023/2/23,5094157197
World,OWID_WRL,2023/2/24,5094216102
World,OWID_WRL,2023/2/25,5094344729
World,OWID_WRL,2023/2/26,5096049915
World,OWID_WRL,2023/2/27,5096067282
World,OWID_WRL,2023/2/28,5096386967
World,OWID_WRL,2023/3/1,5096545158
World,OWID_WRL,2023/3/2,5096599654
World,OWID_WRL,2023/3/3,5096639754
World,OWID_WRL,2023/3/4,5096652720
World,OWID_WRL,2023/3/5,5099740321
World,OWID_WRL,2023/3/6,5099756706
World,OWID_WRL,2023/3/7,5099777535
World,OWID_WRL,2023/3/8,5099798063
World,OWID_WRL,2023/3/9,5099819820
World,OWID_WRL,2023/3/10,5099958129
World,OWID_WRL,2023/3/11,5100236015
World,OWID_WRL,2023/3/12,5101887456
World,OWID_WRL,2023/3/13,5101906768
World,OWID_WRL,2023/3/14,5101974402
World,OWID_WRL,2023/3/15,5102055886
World,OWID_WRL,2023/3/16,5102072438
World,OWID_WRL,2023/3/17,5102100713
World,OWID_WRL,2023/3/18,5102143345
World,OWID_WRL,2023/3/19,5111615142
World,OWID_WRL,2023/3/20,5111630937
World,OWID_WRL,2023/3/21,5111735984
World,OWID_WRL,2023/3/22,5111759920
World,OWID_WRL,2023/3/23,5111864361
World,OWID_WRL,2023/3/24,5111885405
World,OWID_WRL,2023/3/25,5111897566
World,OWID_WRL,2023/3/26,5112963339
World,OWID_WRL,2023/3/27,5112975615
World,OWID_WRL,2023/3/28,5113262301
World,OWID_WRL,2023/3/29,5113283259
World,OWID_WRL,2023/3/30,5115316126
World,OWID_WRL,2023/3/31,5115475362
World,OWID_WRL,2023/4/1,5115491092
World,OWID_WRL,2023/4/2,5120615481
World,OWID_WRL,2023/4/3,5120713239
World,OWID_WRL,2023/4/4,5120776676
World,OWID_WRL,2023/4/5,5120801822
World,OWID_WRL,2023/4/6,5120887536
World,OWID_WRL,2023/4/7,5120963500
World,OWID_WRL,2023/4/8,5120971563
World,OWID_WRL,2023/4/9,5121470752
World,OWID_WRL,2023/4/10,5121491128
World,OWID_WRL,2023/4/11,5121574965
World,OWID_WRL,2023/4/12,5121598606
World,OWID_WRL,2023/4/13,5121660141
World,OWID_WRL,2023/4/14,5121683167
World,OWID_WRL,2023/4/15,5121693489
World,OWID_WRL,2023/4/16,5122980527
World,OWID_WRL,2023/4/17,5123003927
World,OWID_WRL,2023/4/18,5123478384
World,OWID_WRL,2023/4/19,5123488570
World,OWID_WRL,2023/4/20,5123545906
World,OWID_WRL,2023/4/21,5123573982
World,OWID_WRL,2023/4/22,5123580809
World,OWID_WRL,2023/4/23,5125024113
World,OWID_WRL,2023/4/24,5125051233
World,OWID_WRL,2023/4/25,5126457931
World,OWID_WRL,2023/4/26,5126472555
World,OWID_WRL,2023/4/27,5126484424
World,OWID_WRL,2023/4/28,5126497946
World,OWID_WRL,2023/4/29,5126505329
World,OWID_WRL,2023/4/30,5127230851
World,OWID_WRL,2023/5/1,5127241929
World,OWID_WRL,2023/5/2,5134925537
World,OWID_WRL,2023/5/3,5134957831
World,OWID_WRL,2023/5/4,5134980591
World,OWID_WRL,2023/5/5,5135015027
World,OWID_WRL,2023/5/6,5135021681
World,OWID_WRL,2023/5/7,5135658607
World,OWID_WRL,2023/5/8,5135669593
World,OWID_WRL,2023/5/9,5135710340
World,OWID_WRL,2023/5/10,5135724066
World,OWID_WRL,2023/5/11,5135733159
World,OWID_WRL,2023/5/12,5135742691
World,OWID_WRL,2023/5/13,5135756313
World,OWID_WRL,2023/5/14,5135948724
World,OWID_WRL,2023/5/15,5135955650
World,OWID_WRL,2023/5/16,5136033717
World,OWID_WRL,2023/5/17,5136050201
World,OWID_WRL,2023/5/18,5136051908
World,OWID_WRL,2023/5/19,5136067884
World,OWID_WRL,2023/5/20,5136071045
World,OWID_WRL,2023/5/21,5136696031
World,OWID_WRL,2023/5/22,5137168264
World,OWID_WRL,2023/5/23,5137191721
World,OWID_WRL,2023/5/24,5137204533
World,OWID_WRL,2023/5/25,5137237234
World,OWID_WRL,2023/5/26,5137240620
World,OWID_WRL,2023/5/27,5137245578
World,OWID_WRL,2023/5/28,5143309668
World,OWID_WRL,2023/5/29,5144029137
World,OWID_WRL,2023/5/30,5144156627
World,OWID_WRL,2023/5/31,5144261119
World,OWID_WRL,2023/6/1,5144343058
World,OWID_WRL,2023/6/2,5144437567
World,OWID_WRL,2023/6/3,5144464535
World,OWID_WRL,2023/6/4,5146766824
World,OWID_WRL,2023/6/5,5146815438
World,OWID_WRL,2023/6/6,5149964788
World,OWID_WRL,2023/6/7,5149978328
World,OWID_WRL,2023/6/8,5150001729
World,OWID_WRL,2023/6/9,5150003396
World,OWID_WRL,2023/6/10,5150009683
World,OWID_WRL,2023/6/11,5150892642
World,OWID_WRL,2023/6/12,5150964850
World,OWID_WRL,2023/6/13,5151102050
World,OWID_WRL,2023/6/14,5151201122
World,OWID_WRL,2023/6/15,5151269797
World,OWID_WRL,2023/6/16,5151276363
World,OWID_WRL,2023/6/17,5151286347
World,OWID_WRL,2023/6/18,5153616755
World,OWID_WRL,2023/6/19,5153671637
World,OWID_WRL,2023/6/20,5153856190
World,OWID_WRL,2023/6/21,5153900413
World,OWID_WRL,2023/6/22,5153927280
World,OWID_WRL,2023/6/23,5153928856
World,OWID_WRL,2023/6/24,5153936835
World,OWID_WRL,2023/6/25,5154264066
World,OWID_WRL,2023/6/26,5154272624
World,OWID_WRL,2023/6/27,5154324328
World,OWID_WRL,2023/6/28,5154326036
World,OWID_WRL,2023/6/29,5154327495
World,OWID_WRL,2023/6/30,5154332172
World,OWID_WRL,2023/7/1,5154333187
World,OWID_WRL,2023/7/2,5154971958
World,OWID_WRL,2023/7/3,5154977386
World,OWID_WRL,2023/7/4,5155039966
World,OWID_WRL,2023/7/5,5155041082
World,OWID_WRL,2023/7/6,5155052601
World,OWID_WRL,2023/7/7,5155064107
World,OWID_WRL,2023/7/8,5155149713
World,OWID_WRL,2023/7/9,5155282773
World,OWID_WRL,2023/7/10,5155283515
World,OWID_WRL,2023/7/11,5155588293
World,OWID_WRL,2023/7/12,5155623794
World,OWID_WRL,2023/7/13,5155624700
World,OWID_WRL,2023/7/14,5155625522
World,OWID_WRL,2023/7/15,5155652628
World,OWID_WRL,2023/7/16,5155716956
World,OWID_WRL,2023/7/17,5155767784
World,OWID_WRL,2023/7/18,5155826143
World,OWID_WRL,2023/7/19,5155863380
World,OWID_WRL,2023/7/20,5155880921
World,OWID_WRL,2023/7/21,5155881675
World,OWID_WRL,2023/7/22,5155886116
World,OWID_WRL,2023/7/23,5164879749
World,OWID_WRL,2023/7/24,5164896056
World,OWID_WRL,2023/7/25,5165605666
World,OWID_WRL,2023/7/26,5165617170
World,OWID_WRL,2023/7/27,5165643039
World,OWID_WRL,2023/7/28,5165643591
World,OWID_WRL,2023/7/29,5165643846
World,OWID_WRL,2023/7/30,5165790106
World,OWID_WRL,2023/7/31,5165800774
World,OWID_WRL,2023/8/1,5165861728
World,OWID_WRL,2023/8/2,5165875731
World,OWID_WRL,2023/8/3,5165881647
World,OWID_WRL,2023/8/4,5165882454
World,OWID_WRL,2023/8/5,5165882977
World,OWID_WRL,2023/8/6,5167638803
World,OWID_WRL,2023/8/7,5167645367
World,OWID_WRL,2023/8/8,5167665728
World,OWID_WRL,2023/8/9,5167678169
World,OWID_WRL,2023/8/10,5167684153
World,OWID_WRL,2023/8/11,5167694905
World,OWID_WRL,2023/8/12,5167695922
World,OWID_WRL,2023/8/13,5168998396
World,OWID_WRL,2023/8/14,5169002129
World,OWID_WRL,2023/8/15,5169052107
World,OWID_WRL,2023/8/16,5169053038
World,OWID_WRL,2023/8/17,5169061401
World,OWID_WRL,2023/8/18,5169062224
World,OWID_WRL,2023/8/19,5169069877
World,OWID_WRL,2023/8/20,5169310232
World,OWID_WRL,2023/8/21,5170058712
World,OWID_WRL,2023/8/22,5170067696
World,OWID_WRL,2023/8/23,5170078440
World,OWID_WRL,2023/8/24,5170083778
World,OWID_WRL,2023/8/25,5170084924
World,OWID_WRL,2023/8/26,5170085604
World,OWID_WRL,2023/8/27,5170143345
World,OWID_WRL,2023/8/28,5170144280
World,OWID_WRL,2023/8/29,5170146970
World,OWID_WRL,2023/8/30,5170147681
World,OWID_WRL,2023/8/31,5170148498
World,OWID_WRL,2023/9/1,5170250952
World,OWID_WRL,2023/9/2,5170251723
World,OWID_WRL,2023/9/3,5170316182
World,OWID_WRL,2023/9/4,5170317497
World,OWID_WRL,2023/9/5,5170328068
World,OWID_WRL,2023/9/6,5170329048
World,OWID_WRL,2023/9/7,5170334247
World,OWID_WRL,2023/9/8,5170335116
World,OWID_WRL,2023/9/9,5170335501
World,OWID_WRL,2023/9/10,5170550379
World,OWID_WRL,2023/9/11,5170551188
World,OWID_WRL,2023/9/12,5170565478
World,OWID_WRL,2023/9/13,5170566426
World,OWID_WRL,2023/9/14,5170566932
World,OWID_WRL,2023/9/15,5170567589
World,OWID_WRL,2023/9/16,5170568325
World,OWID_WRL,2023/9/17,5172634746
World,OWID_WRL,2023/9/18,5172635650
World,OWID_WRL,2023/9/19,5172707131
World,OWID_WRL,2023/9/20,5172707712
World,OWID_WRL,2023/9/21,5172708167
World,OWID_WRL,2023/9/22,5172708753
World,OWID_WRL,2023/9/23,5172709402
World,OWID_WRL,2023/9/24,5173909292
World,OWID_WRL,2023/9/25,5173909796
World,OWID_WRL,2023/9/26,5174020237
World,OWID_WRL,2023/9/27,5174020811
World,OWID_WRL,2023/9/28,5174021455
World,OWID_WRL,2023/9/29,5174022043
World,OWID_WRL,2023/9/30,5174022451
World,OWID_WRL,2023/10/1,5174998641
World,OWID_WRL,2023/10/2,5174999143
World,OWID_WRL,2023/10/3,5174999725
World,OWID_WRL,2023/10/4,5175000305
World,OWID_WRL,2023/10/5,5175000991
World,OWID_WRL,2023/10/6,5175012341
World,OWID_WRL,2023/10/7,5175015749
World,OWID_WRL,2023/10/8,5175142287
World,OWID_WRL,2023/10/9,5175142687
World,OWID_WRL,2023/10/10,5175143182
World,OWID_WRL,2023/10/11,5175143617
World,OWID_WRL,2023/10/12,5175144083
World,OWID_WRL,2023/10/13,5175144560
World,OWID_WRL,2023/10/14,5175144833
World,OWID_WRL,2023/10/15,5175182438
World,OWID_WRL,2023/10/16,5175275147
World,OWID_WRL,2023/10/17,5175356537
World,OWID_WRL,2023/10/18,5175424143
World,OWID_WRL,2023/10/19,5175424629
World,OWID_WRL,2023/10/20,5175425052
World,OWID_WRL,2023/10/21,5175425352
World,OWID_WRL,2023/10/22,5175526977
World,OWID_WRL,2023/10/23,5175527341
World,OWID_WRL,2023/10/24,5175664961
World,OWID_WRL,2023/10/25,5175665458
World,OWID_WRL,2023/10/26,5175665962
World,OWID_WRL,2023/10/27,5175666486
World,OWID_WRL,2023/10/28,5175666782
World,OWID_WRL,2023/10/29,5175666951
World,OWID_WRL,2023/10/30,5175667279
World,OWID_WRL,2023/10/31,5175667558
World,OWID_WRL,2023/11/1,5175667679
World,OWID_WRL,2023/11/2,5175667944
World,OWID_WRL,2023/11/3,5175668222
World,OWID_WRL,2023/11/4,5175668416
World,OWID_WRL,2023/11/5,5176333175
World,OWID_WRL,2023/11/6,5176333454
World,OWID_WRL,2023/11/7,5176415507
World,OWID_WRL,2023/11/8,5176415878
World,OWID_WRL,2023/11/9,5176416249
World,OWID_WRL,2023/11/10,5176416610
World,OWID_WRL,2023/11/11,5176416864
World,OWID_WRL,2023/11/12,5176419112
World,OWID_WRL,2023/11/13,5176419453
World,OWID_WRL,2023/11/14,5176630949
World,OWID_WRL,2023/11/15,5176631308
World,OWID_WRL,2023/11/16,5176631940
World,OWID_WRL,2023/11/17,5176632298
World,OWID_WRL,2023/11/18,5176632539
World,OWID_WRL,2023/11/19,5176729174
World,OWID_WRL,2023/11/20,5176729473
World,OWID_WRL,2023/11/21,5176729793
World,OWID_WRL,2023/11/22,5176730938
World,OWID_WRL,2023/11/23,5176738848
World,OWID_WRL,2023/11/24,5176739247
World,OWID_WRL,2023/11/25,5176739555
World,OWID_WRL,2023/11/26,5176830623
World,OWID_WRL,2023/11/27,5176831761
World,OWID_WRL,2023/11/28,5176832144
World,OWID_WRL,2023/11/29,5176832400
World,OWID_WRL,2023/11/30,5176832722
World,OWID_WRL,2023/12/1,5176832944
World,OWID_WRL,2023/12/2,5176833080
World,OWID_WRL,2023/12/3,5176833913
World,OWID_WRL,2023/12/4,5176834096
World,OWID_WRL,2023/12/5,5176834254
World,OWID_WRL,2023/12/6,5176834414
World,OWID_WRL,2023/12/7,5176838233
World,OWID_WRL,2023/12/8,5176838311
World,OWID_WRL,2023/12/9,5176838412
World,OWID_WRL,2023/12/10,5176838525
World,OWID_WRL,2023/12/11,5176839580
World,OWID_WRL,2023/12/12,5176839650
World,OWID_WRL,2023/12/13,5176840156
World,OWID_WRL,2023/12/14,5176840662
World,OWID_WRL,2023/12/15,5176840829
World,OWID_WRL,2023/12/16,5176840869
World,OWID_WRL,2023/12/17,5176840910
World,OWID_WRL,2023/12/18,5176840980
World,OWID_WRL,2023/12/19,5176841045
World,OWID_WRL,2023/12/20,5176841166
World,OWID_WRL,2023/12/21,5176841234
World,OWID_WRL,2023/12/22,5176841289
World,OWID_WRL,2023/12/23,5177435537
World,OWID_WRL,2023/12/24,5177435540
World,OWID_WRL,2023/12/25,5177435543
World,OWID_WRL,2023/12/26,5177435553
World,OWID_WRL,2023/12/27,5177436289
World,OWID_WRL,2023/12/28,5177436446
World,OWID_WRL,2023/12/29,5177631777
World,OWID_WRL,2023/12/30,5177631796
World,OWID_WRL,2023/12/31,5177907088
World,OWID_WRL,2024/1/1,5177907088
World,OWID_WRL,2024/1/2,5177907105
World,OWID_WRL,2024/1/3,5177907131
World,OWID_WRL,2024/1/4,5177907148
World,OWID_WRL,2024/1/5,5177907168
World,OWID_WRL,2024/1/6,5177907606
World,OWID_WRL,2024/1/7,5177907632
World,OWID_WRL,2024/1/8,5177907735
World,OWID_WRL,2024/1/9,5177907802
World,OWID_WRL,2024/1/10,5177907851
World,OWID_WRL,2024/1/11,5177907900
World,OWID_WRL,2024/1/12,5177907948
World,OWID_WRL,2024/1/13,5177908071
World,OWID_WRL,2024/1/14,5177908100
World,OWID_WRL,2024/1/15,5177908137
World,OWID_WRL,2024/1/16,5177908151
World,OWID_WRL,2024/1/17,5177908232
World,OWID_WRL,2024/1/18,5177908295
World,OWID_WRL,2024/1/19,5177908378
World,OWID_WRL,2024/1/20,5177908426
World,OWID_WRL,2024/1/21,5177908461
World,OWID_WRL,2024/1/22,5177908486
World,OWID_WRL,2024/1/23,5177908529
World,OWID_WRL,2024/1/24,5177908625
World,OWID_WRL,2024/1/25,5177908694
World,OWID_WRL,2024/1/26,5177923080
World,OWID_WRL,2024/1/27,5177923112
World,OWID_WRL,2024/1/28,5177923136
World,OWID_WRL,2024/1/29,5177923178
World,OWID_WRL,2024/1/30,5177923216
World,OWID_WRL,2024/1/31,5177923269
World,OWID_WRL,2024/2/1,5177923301
World,OWID_WRL,2024/2/2,5177923341
World,OWID_WRL,2024/2/3,5177923364
World,OWID_WRL,2024/2/4,5177923387
World,OWID_WRL,2024/2/5,5177923410
World,OWID_WRL,2024/2/6,5177923463
World,OWID_WRL,2024/2/7,5177923480
World,OWID_WRL,2024/2/8,5177923520
World,OWID_WRL,2024/2/9,5177923543
World,OWID_WRL,2024/2/10,5177923552
World,OWID_WRL,2024/2/11,5177923562
World,OWID_WRL,2024/2/12,5177923574
World,OWID_WRL,2024/2/13,5177923581
World,OWID_WRL,2024/2/14,5177923599
World,OWID_WRL,2024/2/15,5177923647
World,OWID_WRL,2024/2/16,5177923657
World,OWID_WRL,2024/2/17,5177923667
World,OWID_WRL,2024/2/18,5177923682
World,OWID_WRL,2024/2/19,5177923732
World,OWID_WRL,2024/2/20,5177923761
World,OWID_WRL,2024/2/21,5177923813
World,OWID_WRL,2024/2/22,5177923875
World,OWID_WRL,2024/2/23,5177923993
World,OWID_WRL,2024/2/24,5177924007
World,OWID_WRL,2024/2/25,5177924009
World,OWID_WRL,2024/2/26,5177924038
World,OWID_WRL,2024/2/27,5177924056
World,OWID_WRL,2024/2/28,5177924067
World,OWID_WRL,2024/2/29,5177924101
World,OWID_WRL,2024/3/1,5177924122
World,OWID_WRL,2024/3/2,5177924129
World,OWID_WRL,2024/3/3,5177924137
World,OWID_WRL,2024/3/4,5177924175
World,OWID_WRL,2024/3/5,5177924182
World,OWID_WRL,2024/3/6,5177924217
World,OWID_WRL,2024/3/7,5177924231
World,OWID_WRL,2024/3/8,5177927739
World,OWID_WRL,2024/3/9,5177927755
World,OWID_WRL,2024/3/10,5177927897
World,OWID_WRL,2024/3/11,5177927947
World,OWID_WRL,2024/3/12,5177928173
World,OWID_WRL,2024/3/13,5177928256
World,OWID_WRL,2024/3/14,5177928321
World,OWID_WRL,2024/3/15,5177929176
World,OWID_WRL,2024/3/16,5177929298
World,OWID_WRL,2024/3/17,5177929660
World,OWID_WRL,2024/3/18,5177929839
World,OWID_WRL,2024/3/19,5177930139
World,OWID_WRL,2024/3/20,5177930443
World,OWID_WRL,2024/3/21,5177930825
World,OWID_WRL,2024/3/22,5177931618
World,OWID_WRL,2024/3/23,5177932066
World,OWID_WRL,2024/3/24,5177932494
World,OWID_WRL,2024/3/25,5177932523
World,OWID_WRL,2024/3/26,5177933160
World,OWID_WRL,2024/3/27,5177933652
World,OWID_WRL,2024/3/28,5177933705
World,OWID_WRL,2024/3/29,5177934405
World,OWID_WRL,2024/3/30,5177934776
World,OWID_WRL,2024/3/31,5177935015
World,OWID_WRL,2024/4/1,5177935421
World,OWID_WRL,2024/4/2,5177935734
World,OWID_WRL,2024/4/3,5177936075
World,OWID_WRL,2024/4/4,5177936084
World,OWID_WRL,2024/4/5,5177936162
World,OWID_WRL,2024/4/6,5177936168
World,OWID_WRL,2024/4/7,5177936180
World,OWID_WRL,2024/4/8,5177936419
World,OWID_WRL,2024/4/9,5177936423
World,OWID_WRL,2024/4/10,5177936429
World,OWID_WRL,2024/4/11,5177936437
World,OWID_WRL,2024/4/12,5177938214
World,OWID_WRL,2024/4/13,5177938233
World,OWID_WRL,2024/4/14,5177938244
World,OWID_WRL,2024/4/15,5177938628
World,OWID_WRL,2024/4/16,5177938640
World,OWID_WRL,2024/4/17,5177938801
World,OWID_WRL,2024/4/18,5177938811
World,OWID_WRL,2024/4/19,5177938823
World,OWID_WRL,2024/4/20,5177939543
World,OWID_WRL,2024/4/21,5177939662
World,OWID_WRL,2024/4/22,5177940605
World,OWID_WRL,2024/4/23,5177940731
World,OWID_WRL,2024/4/24,5177941109
World,OWID_WRL,2024/4/25,5177941125
World,OWID_WRL,2024/4/26,5177941135
World,OWID_WRL,2024/4/27,5177941160
World,OWID_WRL,2024/4/28,5177941170
World,OWID_WRL,2024/4/29,5177941181
World,OWID_WRL,2024/4/30,5177941193
World,OWID_WRL,2024/5/1,5177941200
World,OWID_WRL,2024/5/2,5177941208
World,OWID_WRL,2024/5/3,5177941214
World,OWID_WRL,2024/5/4,5177941218
World,OWID_WRL,2024/5/5,5177941234
World,OWID_WRL,2024/5/6,5177941246
World,OWID_WRL,2024/5/7,5177941252
World,OWID_WRL,2024/5/8,5177941255
World,OWID_WRL,2024/5/9,5177941261
World,OWID_WRL,2024/5/10,5177941336
World,OWID_WRL,2024/5/11,5177941646
World,OWID_WRL,2024/5/12,5177941653
World,OWID_WRL,2024/5/13,5177941965
World,OWID_WRL,2024/5/14,5177942120
World,OWID_WRL,2024/5/15,5177942127
World,OWID_WRL,2024/5/16,5177942127
World,OWID_WRL,2024/5/17,5177942136
World,OWID_WRL,2024/5/18,5177942136
World,OWID_WRL,2024/5/19,5177942191
World,OWID_WRL,2024/5/20,5177942195
World,OWID_WRL,2024/5/21,5177942230
World,OWID_WRL,2024/5/22,5177942238
World,OWID_WRL,2024/5/23,5177942243
World,OWID_WRL,2024/5/24,5177942255
World,OWID_WRL,2024/5/25,5177942256
World,OWID_WRL,2024/5/26,5177942260
World,OWID_WRL,2024/5/27,5177942263
World,OWID_WRL,2024/5/28,5177942270
World,OWID_WRL,2024/5/29,5177942282
World,OWID_WRL,2024/5/30,5177942286
World,OWID_WRL,2024/5/31,5177942291
World,OWID_WRL,2024/6/1,5177942295
World,OWID_WRL,2024/6/2,5177942300
World,OWID_WRL,2024/6/3,5177942307
World,OWID_WRL,2024/6/4,5177942311
World,OWID_WRL,2024/6/5,5177942312
World,OWID_WRL,2024/6/6,5177942320
World,OWID_WRL,2024/6/7,5177942330
World,OWID_WRL,2024/6/8,5177942334
World,OWID_WRL,2024/6/9,5177942336
World,OWID_WRL,2024/6/10,5177942341
World,OWID_WRL,2024/6/11,5177942342
World,OWID_WRL,2024/6/12,5177942343
World,OWID_WRL,2024/6/13,5177942345
World,OWID_WRL,2024/6/14,5177942351
World,OWID_WRL,2024/6/15,5177942361
World,OWID_WRL,2024/6/16,5177942361
World,OWID_WRL,2024/6/17,5177942363
World,OWID_WRL,2024/6/18,5177942369
World,OWID_WRL,2024/6/19,5177942372
World,OWID_WRL,2024/6/20,5177942376
World,OWID_WRL,2024/6/21,5177942556
World,OWID_WRL,2024/6/22,5177942558
World,OWID_WRL,2024/6/23,5177942562
World,OWID_WRL,2024/6/24,5177942564
World,OWID_WRL,2024/6/25,5177942566
World,OWID_WRL,2024/6/26,5177942569
World,OWID_WRL,2024/6/27,5177942580
World,OWID_WRL,2024/6/28,5177942589
World,OWID_WRL,2024/6/29,5177942598
World,OWID_WRL,2024/6/30,5177942605
World,OWID_WRL,2024/7/1,5177942608
World,OWID_WRL,2024/7/2,5177942614
World,OWID_WRL,2024/7/3,5177942616
World,OWID_WRL,2024/7/4,5177942617
World,OWID_WRL,2024/7/5,5177942618
World,OWID_WRL,2024/7/6,5177942622
World,OWID_WRL,2024/7/7,5177942624
World,OWID_WRL,2024/7/8,5177942630
World,OWID_WRL,2024/7/9,5177942632
World,OWID_WRL,2024/7/10,5177942703
World,OWID_WRL,2024/7/11,5177942708
World,OWID_WRL,2024/7/12,5177942714
World,OWID_WRL,2024/7/13,5177942725
World,OWID_WRL,2024/7/14,5177942726
World,OWID_WRL,2024/7/15,5177942748
World,OWID_WRL,2024/7/16,5177942752
World,OWID_WRL,2024/7/17,5177942754
World,OWID_WRL,2024/7/18,5177942771
World,OWID_WRL,2024/7/19,5177942774
World,OWID_WRL,2024/7/20,5177942775
World,OWID_WRL,2024/7/21,5177942779
World,OWID_WRL,2024/7/22,5177942781
World,OWID_WRL,2024/7/23,5177942786
World,OWID_WRL,2024/7/24,5177942790
World,OWID_WRL,2024/7/25,5177942800
World,OWID_WRL,2024/7/26,5177942802
World,OWID_WRL,2024/7/27,5177942832
World,OWID_WRL,2024/7/28,5177942832
World,OWID_WRL,2024/7/29,5177942848
World,OWID_WRL,2024/7/30,5177942853
World,OWID_WRL,2024/7/31,5177942857
World,OWID_WRL,2024/8/1,5177942859
World,OWID_WRL,2024/8/2,5177942864
World,OWID_WRL,2024/8/3,5177942871
World,OWID_WRL,2024/8/4,5177942879
World,OWID_WRL,2024/8/5,5177942884
World,OWID_WRL,2024/8/6,5177942888
World,OWID_WRL,2024/8/7,5177942920
World,OWID_WRL,2024/8/8,5177942927
World,OWID_WRL,2024/8/9,5177942931
World,OWID_WRL,2024/8/10,5177942946
World,OWID_WRL,2024/8/11,5177942951
World,OWID_WRL,2024/8/12,5177942956
World,OWID_WRL,2024/8/13,5177942956
World,OWID_WRL,2024/8/14,5177942957
